{"v_x": {"Max_corr": [0.5148200846268831, 0.5575026178107976], "Min_corr": [-0.4954227510932131, 0.5950678885950275], "Mean": 0.021434443943556418, "Mean_Max_value": 0.4914666138830854, "Mean_Min_value": -0.4410906123500513, "Max_value": 2.3448177067383313, "Min_value": -2.077805703608398}, "v_y": {"Max_corr": [0.3983308180863281, 0.6380359270555325], "Min_corr": [-0.4545992694221923, 0.6254441574964225], "Mean": -0.004589982014422609, "Mean_Max_value": 0.26580335568614516, "Mean_Min_value": -0.27508530334238274, "Max_value": 6.277332063769719, "Min_value": -1.4814161712648148}, "v_z": {"Max_corr": [0.4673390015021388, 0.6013529318563354], "Min_corr": [-0.45692263624456264, 0.6077479856467057], "Mean": -0.002153496136055271, "Mean_Max_value": 0.6546637432566967, "Mean_Min_value": -0.6357443757351352, "Max_value": 2.8998274040971004, "Min_value": -2.569719514566822}, "v_ang_x": {"Max_corr": [0.27178127735135826, 0.6401970093672061], "Min_corr": [-0.5670276444465417, 0.6014605292470995], "Mean": 0.046616140589170615, "Mean_Max_value": 0.3276620085489918, "Mean_Min_value": -0.24690171603222755, "Max_value": 2.1710666134106673, "Min_value": -1.8338389444110819}, "v_ang_y": {"Max_corr": [0.5019175155970428, 0.6055206953548503], "Min_corr": [-0.4111819166588889, 0.6076827347704905], "Mean": 0.0011528504444379896, "Mean_Max_value": 0.718773652069165, "Mean_Min_value": -0.7427353016176632, "Max_value": 4.507406423754016, "Min_value": -4.996218980575645}, "v_ang_z": {"Max_corr": [0.4800585862391831, 0.5975224387833642], "Min_corr": [-0.4195068499372997, 0.6393051372523327], "Mean": -0.06382498429584459, "Mean_Max_value": 0.7860215220760114, "Mean_Min_value": -0.864828240195603, "Max_value": 4.0356186065236805, "Min_value": -5.18755177397201}}