{"v_x": {"Max_corr": [0.5546728029095869, 0.5123793216903044], "Min_corr": [-0.5379440621664071, 0.5002671055441569], "Mean": -0.00043362799486165954, "Mean_Max_value": 0.010914181999763763, "Mean_Min_value": -0.013065887949676155, "Max_value": 0.09758239407333555, "Min_value": -0.057926289533819494}, "v_y": {"Max_corr": [0.784827252267579, 0.22912685749475628], "Min_corr": [-0.8233436613089339, 0.24886126885978313], "Mean": -0.0012181989747124158, "Mean_Max_value": 0.014756997843517637, "Mean_Min_value": -0.01742909139347115, "Max_value": 0.1012692476811613, "Min_value": -0.09793033627465389}, "v_z": {"Max_corr": [0.7742820566302825, 0.41459837069903954], "Min_corr": [-0.27967050058701004, 0.4692828470028364], "Mean": -0.0004604629987390684, "Mean_Max_value": 0.002964088026905399, "Mean_Min_value": -0.003188176476058836, "Max_value": 0.04302230472540003, "Min_value": -0.04390861089389449}, "v_ang_x": {"Max_corr": [0.8592448963449674, 0.34447671687616604], "Min_corr": [-0.19407332229367635, 0.3768293459370537], "Mean": -0.0015061651504806436, "Mean_Max_value": 0.0011280997234589616, "Mean_Min_value": -0.00464736000575621, "Max_value": 0.07496537412335481, "Min_value": -0.06785397770614693}, "v_ang_y": {"Max_corr": [0.776364827983251, 0.405949179696841], "Min_corr": [-0.29358271042097406, 0.44868882507819635], "Mean": -0.00032606837002578236, "Mean_Max_value": 0.001539887180549043, "Mean_Min_value": -0.0017267179039813533, "Max_value": 0.02919128072662515, "Min_value": -0.04941329078197219}, "v_ang_z": {"Max_corr": [0.7729286563310882, 0.3850728555562449], "Min_corr": [-0.40311055575260063, 0.4437664589675165], "Mean": 0.001522516149445884, "Mean_Max_value": 0.006896591887887295, "Mean_Min_value": -0.0011077667117577858, "Max_value": 0.5977681563863093, "Min_value": -0.045320643034565206}}