{"v_x": {"Max_corr": [0.8080313840387264, 0.2480619644856447], "Min_corr": [-0.737753146339623, 0.25875157725638126], "Mean": 0.006117140239770004, "Mean_Max_value": 0.22831553083213416, "Mean_Min_value": -0.2143842356662454, "Max_value": 1.6953556729200316, "Min_value": -1.4169992875633504}, "v_y": {"Max_corr": [0.8493999691491685, 0.19761023447563614], "Min_corr": [-0.8650075326493742, 0.18505476119362765], "Mean": -2.185789389768971e-05, "Mean_Max_value": 0.1549584303260764, "Mean_Min_value": -0.15893903455013667, "Max_value": 0.8798178918135753, "Min_value": -0.7290830649063874}, "v_z": {"Max_corr": [0.827478953445512, 0.30253718482239067], "Min_corr": [-0.6029048356026397, 0.358191737562666], "Mean": 0.0001964921141551269, "Mean_Max_value": 0.03681407353685673, "Mean_Min_value": -0.023279965507604146, "Max_value": 0.3709486873144983, "Min_value": -0.052735572871400654}, "v_ang_x": {"Max_corr": [0.6450490145397535, 0.4151278278621547], "Min_corr": [-0.6271248462291058, 0.4212277893163682], "Mean": 0.0002732317001723745, "Mean_Max_value": 0.03518934979052333, "Mean_Min_value": -0.033781647797374637, "Max_value": 0.20891657957319523, "Min_value": -0.2350586391987928}, "v_ang_y": {"Max_corr": [0.7820503549673602, 0.27898777667764296], "Min_corr": [-0.7563238911903803, 0.291720921113928], "Mean": 3.400086630098764e-05, "Mean_Max_value": 0.008290347549943927, "Mean_Min_value": -0.008790529737386232, "Max_value": 0.11895266953151097, "Min_value": -0.11451931008803261}, "v_ang_z": {"Max_corr": [0.6191021040400969, 0.47672663901077095], "Min_corr": [-0.5314632230359665, 0.49324421346501973], "Mean": -0.00039554005088355545, "Mean_Max_value": 0.08992980563634163, "Mean_Min_value": -0.09026731490875105, "Max_value": 0.3743078419641483, "Min_value": -0.38406328647901067}}