{"generator": {"train": [8.825008426887402, 6.464607515196869, 4.570019563039144, 3.5227452499279077, 3.177820599597433, 2.9567728871884555, 2.7760974220607593, 2.607161145279373, 2.479742323142895, 2.3596598825592925, 6.1894900833351025, 6.440872904183208, 6.593081287715746, 7.081437449524368, 7.485665507938551, 7.687299686929454, 7.896699221237846, 8.053885784702025, 8.120459211045418, 7.975756935451342, 8.065326669941777, 8.033192779706871, 7.9159403607465215, 7.867981392404308, 8.026648673458375, 7.872765658558279, 7.694296726282092, 7.602477702541628, 7.732203607973845, 7.58981064091558, 7.47791223940642, 7.508228350376737, 7.352442478788072, 7.427278573962226, 7.405397657035054, 7.341919878254766, 7.327775340149368, 7.48074796234352, 7.313940131145975, 7.311451524927996, 7.227813112562981, 7.318173194277113, 7.351364453633626, 7.329556817593782, 7.30479059357574, 7.485067464303279, 7.4606066026549405, 7.515663188436757, 7.705540221670399, 7.574552107548368, 7.603409615115843, 7.639739817467289, 7.5321987124456875, 7.633873524873153, 7.676265612892482, 7.671471022177434, 7.617831948874653, 7.644375040911246, 7.6869884573895, 7.5708504345106045, 7.843198720959649, 7.8001272160073984, 7.778822871222013, 7.715600476748701, 7.726615947225819, 7.749389185421709, 7.725719776706419, 7.78649612095045, 7.849739544633506, 7.687229971954788, 7.768284500509068, 7.6874513418778125, 7.70115850282752, 7.836357517518859, 7.745250162870987, 7.690765173538871, 7.64009642255479, 7.7796385461005615, 7.723853677943133, 7.72270543333413, 7.683004434557929, 7.683377466339996, 7.583691479503244, 7.495624217434206, 7.561653130296348, 7.538734940515048, 7.6014422402865645, 7.662017670230589, 7.5966983256132705, 7.593168293220409, 7.576512647711712, 7.6299120861551035, 7.568519986194113, 7.5795874319214755, 7.564170982526696, 7.55502520436826, 7.635604305543762, 7.443369886149531, 7.568879922231038, 7.557832558949788], "val": [6.990093517303467, 5.229443120956421, 3.621235203742981, 3.0423284769058228, 2.7431984186172484, 2.6576817989349366, 2.4123992919921875, 2.304608869552612, 2.271190547943115, 2.138040804862976, 7.760498142242431, 7.820825815200806, 7.745268535614014, 8.535449171066285, 8.522447538375854, 9.068412685394287, 9.344367504119873, 9.19576416015625, 9.130429553985596, 8.994251918792724, 8.437121820449828, 9.266571140289306, 8.784861087799072, 8.62698392868042, 8.64831738471985, 8.425009727478027, 8.793696403503418, 8.880174160003662, 8.681185531616212, 8.708297061920167, 8.586320495605468, 8.495122575759888, 8.205243921279907, 8.458395099639892, 8.364161396026612, 8.518327617645264, 8.221915197372436, 8.667529106140137, 8.302077484130859, 8.534260749816895, 8.630804777145386, 8.781223773956299, 8.04321780204773, 8.71815357208252, 8.460925197601318, 8.681005764007569, 8.96991262435913, 8.610977268218994, 8.571110343933105, 8.660549354553222, 8.61929898262024, 8.73299527168274, 9.318037986755371, 8.380402755737304, 8.544149017333984, 8.635559129714967, 8.728713607788086, 8.605839681625366, 8.683727073669434, 9.095830917358398, 9.25532922744751, 9.145028877258301, 8.936799716949462, 9.067567348480225, 9.219433212280274, 9.014049339294434, 9.793431568145753, 9.895020771026612, 8.679596567153931, 8.927254390716552, 9.125456142425538, 8.535713481903077, 8.631616687774658, 9.292410469055175, 8.41983380317688, 9.003615188598634, 9.236186981201172, 9.184737968444825, 8.6898983001709, 9.006655025482178, 9.39465560913086, 9.416286087036132, 8.810838460922241, 8.77779836654663, 8.974072647094726, 9.20756950378418, 9.407940101623534, 8.82303261756897, 9.170625495910645, 8.194115161895752, 9.079455471038818, 9.079307746887206, 8.790889930725097, 9.155436515808105, 8.801945781707763, 9.259717273712159, 9.590439701080323, 8.713558292388916, 9.146547508239745, 8.298023128509522]}, "discriminator": {"train": [2.1261463528094082, 2.102799844050753, 2.067876781242481, 2.114967698636262, 2.1350058628165205, 2.1078698704208154, 2.0948666023171465, 2.1322411609732588, 2.1050337483917456, 2.155156916466312, 1.4271858688713848, 1.0717596973198047, 0.8721094649770985, 0.716856724974038, 0.630823918874713, 0.6073132204836693, 0.5701258674911831, 0.5713970181734666, 0.5542575505332671, 0.5830537858216659, 0.5482149698596069, 0.5652969047643136, 0.5957310312036155, 0.5834186975506769, 0.5852583689966063, 0.6041847428549891, 0.6154718273791714, 0.6338633510513582, 0.6273481422576351, 0.6532380710477415, 0.6583579692287721, 0.6413186330726182, 0.6674018770024397, 0.6412242625070654, 0.659860384637031, 0.667235759721286, 0.6555893291597781, 0.6496446905792623, 0.663481006587761, 0.6669065814087356, 0.6632846032363781, 0.6600863432538682, 0.6600593172985575, 0.6577957125677578, 0.6429848014444545, 0.6453686239926711, 0.6516297787859819, 0.6271768583767656, 0.627697449663411, 0.6380916548811871, 0.6486950270507646, 0.6374177103457244, 0.6536610161048778, 0.62216273598049, 0.6366406031276869, 0.636296808719635, 0.621018541895825, 0.6291892165723054, 0.6208300365917925, 0.6303402522335881, 0.6226057189962139, 0.6141597235548324, 0.6257891836373702, 0.6140194366807523, 0.624621672042902, 0.620159633781599, 0.6281087230081144, 0.6135447366514067, 0.6201424106307651, 0.6386412416679271, 0.6133656544961791, 0.6283744698849277, 0.6224611250386722, 0.6269224329271178, 0.624809915172881, 0.6310739802277606, 0.6182115553081899, 0.6180144081945005, 0.6205272052599036, 0.6305703145006428, 0.6307994433935138, 0.6370786765347356, 0.6430482052374578, 0.6427327014397883, 0.637195377678111, 0.6303049865840138, 0.6326035991095115, 0.6317824557207633, 0.637865013834359, 0.620979775985082, 0.6370091706082441, 0.6381624509458956, 0.648546784684278, 0.6386493815891985, 0.6420123991758927, 0.6416497221891431, 0.6320685135281604, 0.6559375740479731, 0.6378011064252992, 0.6395881797956384], "val": [1.9169270753860475, 1.8280051946640015, 1.926612877845764, 1.9118993282318115, 1.835280954837799, 1.824991512298584, 1.7683021545410156, 1.8296359777450562, 1.7890252709388732, 1.854877483844757, 1.8376155018806457, 1.865011978149414, 1.8464508771896362, 1.7198324918746948, 1.6959420561790466, 1.6964037656784057, 1.7592621922492981, 1.6827632188796997, 1.7709949970245362, 1.9634838461875916, 1.7815343976020812, 2.0377935409545898, 2.1531942486763, 2.1408263564109804, 2.186260724067688, 2.0510941624641417, 2.2181418776512145, 1.987734031677246, 2.187595784664154, 2.2867517709732055, 1.9242264866828918, 2.14491183757782, 2.0523229241371155, 2.212039351463318, 2.1032961130142214, 2.0886044263839723, 2.135842835903168, 2.397391617298126, 2.007207727432251, 2.2086307764053346, 2.214239239692688, 2.3951296329498293, 2.2306896805763246, 2.4425718545913697, 2.385519289970398, 2.369210493564606, 2.5112085819244383, 2.5161323070526125, 2.3864832639694216, 2.459821653366089, 2.348697853088379, 2.638023018836975, 2.4850117206573485, 2.518359112739563, 2.5771154880523683, 2.50448739528656, 2.3514506578445435, 2.5004012107849123, 2.6108524084091185, 2.6582308292388914, 2.644528532028198, 2.428477239608765, 2.584583246707916, 2.6559659481048583, 2.5569747924804687, 2.785669040679932, 2.7201266288757324, 2.6715396881103515, 2.515277123451233, 2.599985885620117, 2.5854546070098876, 2.5903351306915283, 2.690097141265869, 2.6271411418914794, 2.6064600706100465, 2.7203806400299073, 2.6735623598098757, 2.6406975984573364, 2.536742830276489, 2.6618000745773314, 2.7343483686447145, 2.695345902442932, 2.565362000465393, 2.4117303133010863, 2.5355080366134644, 2.680832767486572, 2.800748515129089, 2.6536433935165404, 2.7543396234512327, 2.5084633588790894, 2.5690622568130492, 2.7067573070526123, 2.5395501613616944, 2.6474637508392336, 2.625981020927429, 2.645998501777649, 2.8031116247177126, 2.5513824224472046, 2.7667189598083497, 2.6528671979904175]}, "model_config": {"generator": {"attention_mechanism": {"multihead": true, "content": {"feat_dim": 60, "seq_len": 50}, "location": {"seq_len": 50}, "multihead_config": {"feat_dim": 30,